{"sections":{"banner":{"type":"main-collection-banner","settings":{"show_collection_description":true,"show_collection_image":true,"color_scheme":"background-1"}},"product-grid":{"type":"main-collection-product-grid","settings":{"products_per_page":16,"columns_desktop":4,"columns_mobile":"2","image_ratio":"adapt","show_secondary_image":false,"show_vendor":false,"show_rating":false,"enable_filtering":true,"filter_type":"horizontal","enable_sorting":true,"padding_top":36,"padding_bottom":36}},"4791c60d-c413-40c4-b206-8e4533021b66":{"type":"newsletter","blocks":{"template--16052658471063__4791c60d-c413-40c4-b206-8e4533021b66-1682243567e4c48c63-0":{"type":"heading","settings":{"heading":"Stay woofdated.","heading_size":"h1"}},"template--16052658471063__4791c60d-c413-40c4-b206-8e4533021b66-1682243567e4c48c63-1":{"type":"paragraph","settings":{"text":"<p>Subscribe to The Harley's Digest: Be the first to know our flash sales and exclusive offers!<\/p>"}},"template--16052658471063__4791c60d-c413-40c4-b206-8e4533021b66-1682243567e4c48c63-2":{"type":"email_form","settings":{}}},"block_order":["template--16052658471063__4791c60d-c413-40c4-b206-8e4533021b66-1682243567e4c48c63-0","template--16052658471063__4791c60d-c413-40c4-b206-8e4533021b66-1682243567e4c48c63-1","template--16052658471063__4791c60d-c413-40c4-b206-8e4533021b66-1682243567e4c48c63-2"],"settings":{"color_scheme":"background-1","full_width":true,"padding_top":40,"padding_bottom":52}}},"order":["banner","product-grid","4791c60d-c413-40c4-b206-8e4533021b66"]}