{"sections":{"d2b0d8d7-79e6-46b2-9e92-4c869d88d0ea":{"type":"slideshow","blocks":{"slide_3hXBcj":{"type":"slide","disabled":true,"settings":{"image":"shopify:\/\/shop_images\/HArley_s_Website.png","image_overlay_opacity":0,"heading":"","heading_size":"h2","subheading":"","button_label":"Get started","link":"shopify:\/\/collections\/raw-dog-food","button_style_secondary":true,"show_text_box":false,"box_align":"bottom-center","text_alignment":"center","text_alignment_mobile":"center","color_scheme":"background-1"}},"template--16052658503831__d2b0d8d7-79e6-46b2-9e92-4c869d88d0ea-1686154357ba165dc7-0":{"type":"slide","settings":{"image":"shopify:\/\/shop_images\/image_5c6b1d67-f557-4a69-8619-c6de080e3d7d.jpg","image_overlay_opacity":20,"heading":"Feed Your Best Friend Healthier Meals This Year.","heading_size":"h1","subheading":"Pioneering the raw pet nutrition revolution, we aim to extend your pets' lifespan and enhancing their quality of life.","button_label":"GET STARTED","link":"shopify:\/\/collections\/raw-dog-food","button_style_secondary":false,"show_text_box":true,"box_align":"middle-center","text_alignment":"center","text_alignment_mobile":"center","color_scheme":"background-1"}},"64279461-54b9-4a29-966d-d5437e339cb5":{"type":"slide","settings":{"image":"shopify:\/\/shop_images\/Untitleddesign_3.png","image_overlay_opacity":20,"heading":"Nutritionally-balanced, High Quality Raw Meals Delivered to You Daily.","heading_size":"h1","subheading":"We believe our dogs happiness and quality of life begins with their daily meals. We firmly believe in 'no shortcuts' when it comes to the well-being of our furry friends.","button_label":"GET STARTED","link":"shopify:\/\/collections\/raw-dog-food","button_style_secondary":false,"show_text_box":true,"box_align":"middle-center","text_alignment":"center","text_alignment_mobile":"center","color_scheme":"background-1"}},"dc136499-c8e3-4056-8942-6fc3dd99db26":{"type":"slide","settings":{"image":"shopify:\/\/shop_images\/Untitleddesign.png","image_overlay_opacity":20,"heading":"Our Dogs Deserve Quality Nutrition, Too!","heading_size":"h1","subheading":"By taking care of them inside out, we allow them to enjoy more years with us.","button_label":"GET STARTED","link":"shopify:\/\/collections\/raw-dog-food","button_style_secondary":false,"show_text_box":true,"box_align":"middle-center","text_alignment":"center","text_alignment_mobile":"center","color_scheme":"background-1"}}},"block_order":["slide_3hXBcj","template--16052658503831__d2b0d8d7-79e6-46b2-9e92-4c869d88d0ea-1686154357ba165dc7-0","64279461-54b9-4a29-966d-d5437e339cb5","dc136499-c8e3-4056-8942-6fc3dd99db26"],"settings":{"layout":"full_bleed","slide_height":"adapt_image","slider_visual":"counter","auto_rotate":true,"change_slides_speed":3,"image_behavior":"ambient","show_text_below":true,"accessibility_info":""}},"415d14a3-86a4-4c06-aa45-de0a45abe917":{"type":"rich-text","blocks":{"template--16052658503831__415d14a3-86a4-4c06-aa45-de0a45abe917-1686159612dee9061a-0":{"type":"heading","settings":{"heading":"Nutritionally-balanced, High Quality Raw Meals Delivered to You Daily.","heading_size":"h1"}},"template--16052658503831__415d14a3-86a4-4c06-aa45-de0a45abe917-1686159612dee9061a-1":{"type":"text","settings":{"text":"<p>We believe our dogs happiness and quality of life begins with their daily meals— by taking care of them inside out, we allow them to enjoy more years with us.<\/p>"}},"template--16052658503831__415d14a3-86a4-4c06-aa45-de0a45abe917-1686159612dee9061a-2":{"type":"button","settings":{"button_label":"VIEW ALL MEALS","button_link":"shopify:\/\/collections\/raw-dog-food","button_style_secondary":false,"button_label_2":"","button_link_2":"","button_style_secondary_2":false}}},"block_order":["template--16052658503831__415d14a3-86a4-4c06-aa45-de0a45abe917-1686159612dee9061a-0","template--16052658503831__415d14a3-86a4-4c06-aa45-de0a45abe917-1686159612dee9061a-1","template--16052658503831__415d14a3-86a4-4c06-aa45-de0a45abe917-1686159612dee9061a-2"],"disabled":true,"settings":{"desktop_content_position":"center","content_alignment":"center","color_scheme":"background-1","full_width":true,"padding_top":40,"padding_bottom":52}},"80ab9eaa-30b6-4bfe-b28f-6c13e6027cfd":{"type":"image-with-text","blocks":{"template--16052658503831__80ab9eaa-30b6-4bfe-b28f-6c13e6027cfd-16823002440635bd7a-0":{"type":"heading","settings":{"heading":"Nutritionally-balanced, High Quality Raw Meals Delivered to You Daily.","heading_size":"h1"}},"template--16052658503831__80ab9eaa-30b6-4bfe-b28f-6c13e6027cfd-16823002440635bd7a-1":{"type":"text","settings":{"text":"<h2>Our furry friends deserve the very best quality of life. This is what <em>Harley's<\/em><em><strong> <\/strong><\/em>is for.<\/h2>","text_style":"body"}},"template--16052658503831__80ab9eaa-30b6-4bfe-b28f-6c13e6027cfd-16823002440635bd7a-2":{"type":"button","disabled":true,"settings":{"button_label":"VIEW PLANS","button_link":"shopify:\/\/collections\/raw-dog-food","button_style_secondary":false}}},"block_order":["template--16052658503831__80ab9eaa-30b6-4bfe-b28f-6c13e6027cfd-16823002440635bd7a-0","template--16052658503831__80ab9eaa-30b6-4bfe-b28f-6c13e6027cfd-16823002440635bd7a-1","template--16052658503831__80ab9eaa-30b6-4bfe-b28f-6c13e6027cfd-16823002440635bd7a-2"],"disabled":true,"settings":{"height":"adapt","desktop_image_width":"small","layout":"image_first","image_behavior":"ambient","content_layout":"no-overlap","desktop_content_position":"middle","desktop_content_alignment":"center","mobile_content_alignment":"center","section_color_scheme":"","color_scheme":"background-1","padding_top":36,"padding_bottom":36}},"3f1c3bf5-186b-4271-97e5-3412dc032627":{"type":"collapsible-content","blocks":{"template--16052658503831__3f1c3bf5-186b-4271-97e5-3412dc032627-1685859618d8838696-0":{"type":"collapsible_row","settings":{"heading":"What is raw pet food nutrition?","icon":"paw_print","row_content":"<p>Raw pet food nutrition is based on the philosophy that pets thrive best on a diet that mimics what their ancestors ate in the wild. This may include high-quality proteins, vegetables, seeds, nuts and fruits.<\/p>","page":""}},"template--16052658503831__3f1c3bf5-186b-4271-97e5-3412dc032627-1685859618d8838696-1":{"type":"collapsible_row","settings":{"heading":"Is raw food safe for my pet?","icon":"serving_dish","row_content":"<p>Yes, when handled and prepared correctly, raw food is safe for your pets. At Harley's, we ensure all our raw products are prepared in a hygienic environment with stringent quality control.<\/p>","page":""}},"template--16052658503831__3f1c3bf5-186b-4271-97e5-3412dc032627-1685859618d8838696-2":{"type":"collapsible_row","settings":{"heading":"Why should I feed my pet raw food?","icon":"question_mark","row_content":"<p>Just as we humans thrive on fresh food, so do our pets, because food is fuel to the body.<br\/><br\/>Kibbles, the dry food pellets you can usually get at your favorite commercial pet store, are most often cooked in ultra high temperatures of 90 degrees celsius + (that's only the minimum!)<br\/><br\/>This high heat causes the alteration and damage in the food's nutritional value, making it difficult for your pet's body to process. Preservatives are also added to lengthen the shelf life of these kibbles, hence making it even harder for your pet's digestive system.<br\/><br\/>Luckily, there is a better way to feed your pets! Feeding raw provides your pet with food in its most digestible state and at Harley’s, we're here to provide quality nutrition your pets deserve with the convenience you need.<\/p>","page":""}},"template--16052658503831__3f1c3bf5-186b-4271-97e5-3412dc032627-1685859618d8838696-3":{"type":"collapsible_row","settings":{"heading":"How does a raw diet benefit my pet?","icon":"apple","row_content":"<p>When your pet is getting all the nutrients they need, it will show visibly through their bodies. <br\/><br\/>A raw diet can offer several benefits including improved digestion and absorption, healthier skin and shinier coats, reduced allergy symptoms, stronger teeth, fresher breath, strengthened immune system and more energy. <br\/><br\/>However, each pet is unique, and results can vary.<\/p>","page":""}},"a845af22-abcf-44c2-b099-6d14a362c96d":{"type":"collapsible_row","settings":{"heading":"Is raw food suitable for all breeds and ages?","icon":"heart","row_content":"<p>Yes, raw food can be suitable for pets of all breeds and life stages. However, it's essential to ensure the diet is balanced and meets the nutritional needs of your pet's specific life stage and health condition. <br\/><br\/>At Harley’s, we make sure to follow the NRC standards to meet the nutrient requirements for all life stages.<\/p>","page":""}},"cfe553e7-cb20-4335-bab6-f0babe15a7a0":{"type":"collapsible_row","settings":{"heading":"What flavors does Harley's raw meals come in?","icon":"leaf","row_content":"","page":""}}},"block_order":["template--16052658503831__3f1c3bf5-186b-4271-97e5-3412dc032627-1685859618d8838696-0","template--16052658503831__3f1c3bf5-186b-4271-97e5-3412dc032627-1685859618d8838696-1","template--16052658503831__3f1c3bf5-186b-4271-97e5-3412dc032627-1685859618d8838696-2","template--16052658503831__3f1c3bf5-186b-4271-97e5-3412dc032627-1685859618d8838696-3","a845af22-abcf-44c2-b099-6d14a362c96d","cfe553e7-cb20-4335-bab6-f0babe15a7a0"],"settings":{"caption":"getting started","heading":"Raw Feeding 101","heading_size":"h1","heading_alignment":"center","layout":"none","container_color_scheme":"background-2","color_scheme":"background-1","open_first_collapsible_row":true,"image_ratio":"adapt","desktop_layout":"image_first","padding_top":36,"padding_bottom":36}},"7e2b0d92-6f1c-48d5-ac78-96ef32cbc431":{"type":"image-banner","disabled":true,"settings":{"image":"shopify:\/\/shop_images\/Screen_Shot_2022-04-14_at_10.40.26_AM.png","image_overlay_opacity":0,"image_height":"adapt","image_behavior":"none","desktop_content_position":"top-center","desktop_content_alignment":"center","show_text_box":false,"color_scheme":"background-1","stack_images_on_mobile":false,"mobile_content_alignment":"center","show_text_below":false}},"3da91e27-44af-46e9-8129-311033811ce8":{"type":"slideshow","blocks":{"template--16052658503831__3da91e27-44af-46e9-8129-311033811ce8-1686147813cd25895a-0":{"type":"slide","settings":{"image":"shopify:\/\/shop_images\/Screen_Shot_2022-04-14_at_10.40.26_AM.png","image_overlay_opacity":0,"heading":"Antibiotic-free, hormone-free, free of steroids, additives, and preservatives.","heading_size":"h1","subheading":"Only 100% goodness for your pet for a longer, quality life with you.","button_label":"","link":"","button_style_secondary":false,"show_text_box":true,"box_align":"middle-center","text_alignment":"center","text_alignment_mobile":"center","color_scheme":"background-1"}}},"block_order":["template--16052658503831__3da91e27-44af-46e9-8129-311033811ce8-1686147813cd25895a-0"],"disabled":true,"settings":{"layout":"full_bleed","slide_height":"adapt_image","slider_visual":"counter","auto_rotate":false,"change_slides_speed":5,"image_behavior":"none","show_text_below":true,"accessibility_info":"Slideshow about our brand"}},"fd699d3a-c12a-4127-8239-1fed4372ed8e":{"type":"featured-collection","settings":{"collection":"toppers-supplements","products_to_show":4,"title":"Our Bestsellers","heading_size":"h1","description":"<p>Everyone’s favorite product that launched our vision for our brand — Harley’s.<\/p>","show_description":false,"description_style":"body","columns_desktop":4,"enable_desktop_slider":true,"full_width":false,"show_view_all":true,"view_all_style":"solid","color_scheme":"background-1","image_ratio":"square","image_shape":"default","show_secondary_image":true,"show_vendor":false,"show_rating":false,"quick_add":"bulk","columns_mobile":"2","swipe_on_mobile":true,"padding_top":40,"padding_bottom":32}},"featured_collection":{"type":"featured-collection","settings":{"collection":"supplements","products_to_show":10,"title":"Vitamins and Supplements","heading_size":"h1","description":"<p>Meticulously-crafted to boost your pet's well-being and health, these<em><strong> <\/strong><\/em><em>are<\/em> the essential nutrients your pet truly needs.<\/p>","show_description":false,"description_style":"body","columns_desktop":4,"enable_desktop_slider":true,"full_width":false,"show_view_all":true,"view_all_style":"solid","color_scheme":"background-1","image_ratio":"portrait","image_shape":"default","show_secondary_image":true,"show_vendor":false,"show_rating":true,"quick_add":"none","columns_mobile":"2","swipe_on_mobile":true,"padding_top":44,"padding_bottom":36}},"bc21cd11-5994-4150-88b4-3c332d603352":{"type":"slideshow","blocks":{"template--16052658503831__bc21cd11-5994-4150-88b4-3c332d603352-1686150947cc536287-1":{"type":"slide","settings":{"image":"shopify:\/\/shop_images\/Screen_Shot_2022-04-14_at_11.17.04_AM.png","image_overlay_opacity":0,"heading":"The Story of Harley's","heading_size":"h1","subheading":"More than just a brand - it's a movement, dedicated to setting the standard in high-quality, science-backed pet food.","button_label":"READ OUR STORY","link":"shopify:\/\/pages\/our-story","button_style_secondary":false,"show_text_box":true,"box_align":"middle-center","text_alignment":"center","text_alignment_mobile":"center","color_scheme":"background-1"}}},"block_order":["template--16052658503831__bc21cd11-5994-4150-88b4-3c332d603352-1686150947cc536287-1"],"settings":{"layout":"full_bleed","slide_height":"medium","slider_visual":"counter","auto_rotate":false,"change_slides_speed":5,"image_behavior":"none","show_text_below":true,"accessibility_info":"Slideshow about our brand"}},"c81311be-54f3-4d20-b68c-9b0e6ebdbb1f":{"type":"collapsible-content","blocks":{"template--16052658503831__c81311be-54f3-4d20-b68c-9b0e6ebdbb1f-168229671134f46c8a-0":{"type":"collapsible_row","settings":{"heading":"How do I order?","icon":"paw_print","row_content":"<p><em>Ordering is easy!<\/em> Once you've added the items to the cart, checkout in a breeze!<br\/><br\/>We currently accept <strong>BPI, BDO, and GCash<\/strong> Transfers.<\/p>","page":""}},"template--16052658503831__c81311be-54f3-4d20-b68c-9b0e6ebdbb1f-168229671134f46c8a-1":{"type":"collapsible_row","settings":{"heading":"What is the shelf life of Harley's products?","icon":"plant","row_content":"<p><strong>RAW GOAT MILK<\/strong><\/p><ul><li>in the fridge: 5-7 days<\/li><li>in the freezer: 1 month<\/li><\/ul><p><\/p><p><strong>GOAT MILK KEFIR<\/strong><\/p><ul><li>in the fridge: 2 weeks<\/li><li>in the freezer: 2 months<\/li><\/ul><p><\/p><p><strong>FROZEN KEFIR CUBES<\/strong><\/p><ul><li>in the freezer: 2 months<\/li><\/ul><p><\/p><p><strong>BONE BROTH CUBES<\/strong><\/p><ul><li>in the freezer: 3 months<\/li><\/ul><p><\/p><p><strong>DEHYDRATED TREATS & CHEWS<\/strong><\/p><ul><li>To maintain freshness, please store treats and chews in an airtight container in a cool dry place away from sunlight and heat.<\/li><li>in room temperature: at least 2 weeks<\/li><li>in the fridge: at least 3 months<\/li><li>in the freezer: at least 6 months<\/li><\/ul><p><\/p><p><strong>VIRGIN COCONUT OIL<\/strong><\/p><ul><li>in room temperature: 2024<\/li><\/ul><p><\/p><p><strong>WILDFOREST HONEY<\/strong><\/p><ul><li>real wild honey has no expiration date<\/li><\/ul><p><\/p><p><strong>SUPPLEMENTS AND MEAL TOPPERS<\/strong><\/p><ul><li>each product is labeled accordingly<\/li><\/ul>","page":""}},"template--16052658503831__c81311be-54f3-4d20-b68c-9b0e6ebdbb1f-168229671134f46c8a-2":{"type":"collapsible_row","settings":{"heading":"Where do you ship?","icon":"truck","row_content":"<p><strong>We deliver anywhere within Metro Manila! <\/strong><\/p><p><strong>Outside Metro Manila <br\/><\/strong><span style=\"text-decoration:underline\"><br\/>via On-demand couriers<\/span><br\/>select areas of Laguna, Bulacan, Cavite, Rizal<strong><br\/><\/strong><span style=\"text-decoration:underline\"><br\/>via GogoXpress <br\/><\/span>Ship time: 3-7 days<span style=\"text-decoration:underline\"><br\/><\/span>Dry goods (dehydrated treats, chews, supplements and accessories)<\/p><p>Dairy and frozen items are<span style=\"text-decoration:underline\"> not <\/span>shipped outside of Metro Manila due to spoilage risks. <br\/><strong><br\/>Outside of the Philippines<\/strong><\/p><p>We currently do <span style=\"text-decoration:underline\">not<\/span> ship outside of the Philippines.<\/p>","page":""}},"template--16052658503831__c81311be-54f3-4d20-b68c-9b0e6ebdbb1f-168229671134f46c8a-3":{"type":"collapsible_row","settings":{"heading":"How long will it take for me to get my order?","icon":"stopwatch","row_content":"<p>On normal days, order dispatch may take anywhere from <strong>0-3 days <\/strong>depending on stock availability. We try our best to fulfill orders for same day delivery!<\/p><p>During sales, dispatch time may take anywhere between <strong>0-5 <\/strong>working days depending on the availability of the products as often times we have to prepare items from scratch due to the volume of orders. <\/p><p>We try to work as quickly as possible and request for your patience and understanding.<\/p>","page":""}}},"block_order":["template--16052658503831__c81311be-54f3-4d20-b68c-9b0e6ebdbb1f-168229671134f46c8a-0","template--16052658503831__c81311be-54f3-4d20-b68c-9b0e6ebdbb1f-168229671134f46c8a-1","template--16052658503831__c81311be-54f3-4d20-b68c-9b0e6ebdbb1f-168229671134f46c8a-2","template--16052658503831__c81311be-54f3-4d20-b68c-9b0e6ebdbb1f-168229671134f46c8a-3"],"settings":{"caption":"questions?","heading":"FAQs","heading_size":"h1","heading_alignment":"center","layout":"none","container_color_scheme":"background-2","color_scheme":"background-1","open_first_collapsible_row":false,"image_ratio":"adapt","desktop_layout":"image_second","padding_top":36,"padding_bottom":36}},"a9c606d8-0808-4cc3-9c15-0fe7323c7926":{"type":"collection-list","blocks":{"template--16052658503831__a9c606d8-0808-4cc3-9c15-0fe7323c7926-16822993404c96baba-0":{"type":"featured_collection","settings":{"collection":"supplements"}},"template--16052658503831__a9c606d8-0808-4cc3-9c15-0fe7323c7926-16822993404c96baba-1":{"type":"featured_collection","settings":{"collection":"toppers-supplements"}},"template--16052658503831__a9c606d8-0808-4cc3-9c15-0fe7323c7926-16822993404c96baba-2":{"type":"featured_collection","settings":{"collection":"frozen-bone-broth"}},"1527b798-97d9-4004-8c01-5c177ef79ad0":{"type":"featured_collection","settings":{"collection":"chews"}},"9a76b3ee-4824-4fa4-8dd0-0ffe82347bea":{"type":"featured_collection","settings":{"collection":"treats"}},"e23db853-b5ab-4941-b4d2-154ee4cf4230":{"type":"featured_collection","settings":{"collection":"frozen-treats"}}},"block_order":["template--16052658503831__a9c606d8-0808-4cc3-9c15-0fe7323c7926-16822993404c96baba-0","template--16052658503831__a9c606d8-0808-4cc3-9c15-0fe7323c7926-16822993404c96baba-1","template--16052658503831__a9c606d8-0808-4cc3-9c15-0fe7323c7926-16822993404c96baba-2","1527b798-97d9-4004-8c01-5c177ef79ad0","9a76b3ee-4824-4fa4-8dd0-0ffe82347bea","e23db853-b5ab-4941-b4d2-154ee4cf4230"],"disabled":true,"settings":{"title":"View All Products","heading_size":"h1","image_ratio":"square","columns_desktop":4,"color_scheme":"background-1","show_view_all":true,"columns_mobile":"2","swipe_on_mobile":false,"padding_top":36,"padding_bottom":36}},"1682299285b2436958":{"type":"apps","blocks":{"c4387318-f746-4c47-98f6-22207c065f06":{"type":"shopify:\/\/apps\/judge-me-reviews\/blocks\/featured_carousel\/61ccd3b1-a9f2-4160-9fe9-4fec8413e5d8","settings":{"maxwidth":1080}}},"block_order":["c4387318-f746-4c47-98f6-22207c065f06"],"settings":{"include_margins":true}},"94ccb10c-98c0-4703-b14e-cdae314450ce":{"type":"image-with-text","blocks":{"template--16052658503831__94ccb10c-98c0-4703-b14e-cdae314450ce-16823002440635bd7a-0":{"type":"heading","settings":{"heading":"Our Story","heading_size":"h1"}},"template--16052658503831__94ccb10c-98c0-4703-b14e-cdae314450ce-16823002440635bd7a-1":{"type":"text","settings":{"text":"<p>At Harley's, our story is deeply rooted in love, compassion, and the unwavering devotion of a passionate pet parent. <br\/><br\/>Our founder, Kathleen Chiang Co, knows all too well the heart-wrenching pain of losing a beloved pet far too soon. Fueled by this personal experience and a steadfast determination to help pets live healthier, happier lives, Harley's was born.<\/p><p>Our mission is to provide the best possible nutrition to pets in the Philippines, and we understand the critical role that proper nutrition plays in the well-being of our furry companions. With a carefully curated selection of the highest quality raw pet food, treats, and supplements, we're here to help you nourish your pets with the love and care they deserve.<\/p><p>As fellow pet lovers, we warmly invite you to join us on this journey of nurturing the health and happiness of our cherished four-legged family members. Together, we can create a brighter, more vibrant future for them, one wholesome meal at a time.<\/p>","text_style":"body"}},"template--16052658503831__94ccb10c-98c0-4703-b14e-cdae314450ce-16823002440635bd7a-2":{"type":"button","settings":{"button_label":"Read More","button_link":"shopify:\/\/pages\/our-story","button_style_secondary":false}}},"block_order":["template--16052658503831__94ccb10c-98c0-4703-b14e-cdae314450ce-16823002440635bd7a-0","template--16052658503831__94ccb10c-98c0-4703-b14e-cdae314450ce-16823002440635bd7a-1","template--16052658503831__94ccb10c-98c0-4703-b14e-cdae314450ce-16823002440635bd7a-2"],"disabled":true,"settings":{"image":"shopify:\/\/shop_images\/1.png","height":"small","desktop_image_width":"small","layout":"image_first","image_behavior":"none","content_layout":"no-overlap","desktop_content_position":"top","desktop_content_alignment":"left","mobile_content_alignment":"left","section_color_scheme":"","color_scheme":"background-1","padding_top":36,"padding_bottom":36}},"1686150860d492a357":{"type":"apps","blocks":{"judge_me_reviews_ugc_media_grid_Wwwn7n":{"type":"shopify:\/\/apps\/judge-me-reviews\/blocks\/ugc_media_grid\/61ccd3b1-a9f2-4160-9fe9-4fec8413e5d8","settings":{}}},"block_order":["judge_me_reviews_ugc_media_grid_Wwwn7n"],"settings":{"include_margins":true}}},"order":["d2b0d8d7-79e6-46b2-9e92-4c869d88d0ea","415d14a3-86a4-4c06-aa45-de0a45abe917","80ab9eaa-30b6-4bfe-b28f-6c13e6027cfd","3f1c3bf5-186b-4271-97e5-3412dc032627","7e2b0d92-6f1c-48d5-ac78-96ef32cbc431","3da91e27-44af-46e9-8129-311033811ce8","fd699d3a-c12a-4127-8239-1fed4372ed8e","featured_collection","bc21cd11-5994-4150-88b4-3c332d603352","c81311be-54f3-4d20-b68c-9b0e6ebdbb1f","a9c606d8-0808-4cc3-9c15-0fe7323c7926","1682299285b2436958","94ccb10c-98c0-4703-b14e-cdae314450ce","1686150860d492a357"]}