{"sections":{"c2bc3931-aaa5-43ee-864c-65aaaa48b287":{"type":"slideshow","blocks":{"template--16052658602135__c2bc3931-aaa5-43ee-864c-65aaaa48b287-1682244049c0c425f3-1":{"type":"slide","settings":{"image":"shopify:\/\/shop_images\/IMG_9135.jpg","image_overlay_opacity":0,"heading":"Harley's: Pioneering the Revolution in Raw Pet Nutrition","heading_size":"h1","subheading":"Meticulously crafting meals that nourish your pets, extending not just their lifespan but also enhancing the quality of life.","button_label":"","link":"","button_style_secondary":false,"show_text_box":true,"box_align":"middle-center","text_alignment":"center","text_alignment_mobile":"center","color_scheme":"background-1"}}},"block_order":["template--16052658602135__c2bc3931-aaa5-43ee-864c-65aaaa48b287-1682244049c0c425f3-1"],"settings":{"layout":"full_bleed","slide_height":"medium","slider_visual":"counter","auto_rotate":false,"change_slides_speed":5,"image_behavior":"none","show_text_below":true,"accessibility_info":"Slideshow about our brand"}},"main":{"type":"main-page","disabled":true,"settings":{"padding_top":28,"padding_bottom":28}},"da506636-46da-469a-a9fb-68acd6847f47":{"type":"collapsible-content","blocks":{"template--16078100856983__da506636-46da-469a-a9fb-68acd6847f47-1685870182e93a5716-0":{"type":"collapsible_row","settings":{"heading":"What is raw pet food nutrition?","icon":"check_mark","row_content":"<p>Raw pet food nutrition is based on the philosophy that pets thrive best on a diet that mimics what their ancestors ate in the wild. <br\/><br\/>This may include high-quality proteins, vegetables, seeds, nuts, and fruits.<\/p>","page":""}},"template--16078100856983__da506636-46da-469a-a9fb-68acd6847f47-1685870182e93a5716-1":{"type":"collapsible_row","settings":{"heading":"Why should I feed my pet raw food?","icon":"check_mark","row_content":"<p>Feeding raw provides your pet with food in its most digestible state. Kibbles, typically available in commercial pet stores, undergo high-temperature cooking, altering their nutritional value and making them harder for your pet's body to process. <br\/><br\/>Raw food provides quality nutrition your pets deserve with the convenience you need.<\/p>","page":""}}},"block_order":["template--16078100856983__da506636-46da-469a-a9fb-68acd6847f47-1685870182e93a5716-0","template--16078100856983__da506636-46da-469a-a9fb-68acd6847f47-1685870182e93a5716-1"],"settings":{"caption":"ABOUT","heading":"Getting Started","heading_size":"h1","heading_alignment":"center","layout":"none","container_color_scheme":"background-2","color_scheme":"background-1","open_first_collapsible_row":false,"image_ratio":"adapt","desktop_layout":"image_second","padding_top":36,"padding_bottom":36}},"8b710f89-1cc9-48d7-aa86-b96079774103":{"type":"collapsible-content","blocks":{"template--16078100856983__8b710f89-1cc9-48d7-aa86-b96079774103-1685870182e93a5716-0":{"type":"collapsible_row","settings":{"heading":"Is raw food safe for my pet?","icon":"check_mark","row_content":"<p> Yes, when handled and prepared correctly, raw food is safe for your pets. At Harley's, we ensure all our raw products are prepared in a hygienic environment with stringent quality control.<\/p>","page":""}},"template--16078100856983__8b710f89-1cc9-48d7-aa86-b96079774103-1685870182e93a5716-1":{"type":"collapsible_row","settings":{"heading":"How does a raw diet benefit my pet?","icon":"check_mark","row_content":"<p>A raw diet can offer several benefits including improved digestion and absorption, healthier skin and shinier coats, reduced allergy symptoms, stronger teeth, fresher breath, strengthened immune system and more energy. <br\/><br\/>However, each pet is unique, and results can vary.<\/p>","page":""}}},"block_order":["template--16078100856983__8b710f89-1cc9-48d7-aa86-b96079774103-1685870182e93a5716-0","template--16078100856983__8b710f89-1cc9-48d7-aa86-b96079774103-1685870182e93a5716-1"],"settings":{"caption":"is raw food safe?","heading":"<strong>Safety and Benefits<\/strong>","heading_size":"h1","heading_alignment":"center","layout":"none","container_color_scheme":"background-2","color_scheme":"background-1","open_first_collapsible_row":false,"image_ratio":"adapt","desktop_layout":"image_second","padding_top":36,"padding_bottom":36}},"ac636ba6-469f-49d2-91fb-8d1057bcbd31":{"type":"collapsible-content","blocks":{"template--16078100856983__ac636ba6-469f-49d2-91fb-8d1057bcbd31-1685870182e93a5716-0":{"type":"collapsible_row","settings":{"heading":"Can I mix raw food with kibble?","icon":"check_mark","row_content":"<p>Yes, it’s safe to mix raw food with kibble! We highly recommend incorporating raw food into your pet’s kibble to improve your pet’s health.<\/p>","page":""}},"template--16078100856983__ac636ba6-469f-49d2-91fb-8d1057bcbd31-1685870182e93a5716-1":{"type":"collapsible_row","settings":{"heading":"How do I transition my pet to a raw diet?","icon":"check_mark","row_content":"<p> Transitioning to a raw diet can be done gradually over a few weeks or via the \"cold turkey\" method which involves a complete diet switch after a period of fasting. <br\/><br\/>Each method has its pros and cons and should be considered based on your pet's specific circumstances.<\/p>","page":""}}},"block_order":["template--16078100856983__ac636ba6-469f-49d2-91fb-8d1057bcbd31-1685870182e93a5716-0","template--16078100856983__ac636ba6-469f-49d2-91fb-8d1057bcbd31-1685870182e93a5716-1"],"settings":{"caption":"from kibble to raw feeding","heading":"<strong>Transitioning to Raw<\/strong>","heading_size":"h1","heading_alignment":"center","layout":"none","container_color_scheme":"background-2","color_scheme":"background-1","open_first_collapsible_row":false,"image_ratio":"adapt","desktop_layout":"image_second","padding_top":36,"padding_bottom":36}},"a66613f7-c455-4beb-bf54-377d7497242c":{"type":"collapsible-content","blocks":{"template--16078100856983__a66613f7-c455-4beb-bf54-377d7497242c-1685870182e93a5716-0":{"type":"collapsible_row","settings":{"heading":"Is raw food suitable for all breeds and ages?","icon":"check_mark","row_content":"<p>Yes, raw food can be suitable for pets of all breeds and life stages. However, it's essential to ensure the diet is balanced and meets the nutritional needs of your pet's specific life stage and health condition. <br\/><br\/>At Harley’s, we make sure to follow the NRC standards to meet the nutrient requirements for all life stages.<\/p>","page":""}}},"block_order":["template--16078100856983__a66613f7-c455-4beb-bf54-377d7497242c-1685870182e93a5716-0"],"settings":{"caption":"is it suitable for my dog?","heading":"<strong>Raw Food Suitability<\/strong>","heading_size":"h1","heading_alignment":"center","layout":"none","container_color_scheme":"background-2","color_scheme":"background-1","open_first_collapsible_row":false,"image_ratio":"adapt","desktop_layout":"image_second","padding_top":36,"padding_bottom":36}},"f1f764c9-eec9-42d9-9c36-3ee5844b4b3c":{"type":"featured-collection","settings":{"collection":"raw-dog-food","products_to_show":4,"title":"Shop our Raw Line","heading_size":"h1","description":"","show_description":false,"description_style":"body","columns_desktop":4,"enable_desktop_slider":false,"full_width":false,"show_view_all":true,"view_all_style":"solid","color_scheme":"background-1","image_ratio":"adapt","show_secondary_image":false,"show_vendor":false,"show_rating":false,"columns_mobile":"2","swipe_on_mobile":false,"padding_top":36,"padding_bottom":36}}},"order":["c2bc3931-aaa5-43ee-864c-65aaaa48b287","main","da506636-46da-469a-a9fb-68acd6847f47","8b710f89-1cc9-48d7-aa86-b96079774103","ac636ba6-469f-49d2-91fb-8d1057bcbd31","a66613f7-c455-4beb-bf54-377d7497242c","f1f764c9-eec9-42d9-9c36-3ee5844b4b3c"]}