{"sections":{"main":{"type":"main-product","blocks":{"vendor":{"type":"text","settings":{"text":"{{ product.vendor }}","text_style":"uppercase"}},"title":{"type":"title","settings":{}},"price":{"type":"price","settings":{}},"judgeme_preview_badge_product_page_57cfa498":{"type":"shopify:\/\/apps\/judge-me-reviews\/blocks\/preview_badge\/61ccd3b1-a9f2-4160-9fe9-4fec8413e5d8","settings":{}},"variant_picker":{"type":"variant_picker","settings":{"picker_type":"button","swatch_shape":"circle"}},"quantity_selector":{"type":"quantity_selector","settings":{}},"buy_buttons":{"type":"buy_buttons","settings":{"show_dynamic_checkout":false,"show_gift_card_recipient":true}},"description":{"type":"description","settings":{}}},"block_order":["vendor","title","price","judgeme_preview_badge_product_page_57cfa498","variant_picker","quantity_selector","buy_buttons","description"],"settings":{"enable_sticky_info":true,"color_scheme":"","media_size":"small","constrain_to_viewport":false,"media_fit":"contain","gallery_layout":"thumbnail","mobile_thumbnails":"show","media_position":"left","image_zoom":"lightbox","hide_variants":true,"enable_video_looping":false,"padding_top":36,"padding_bottom":12}},"related-products":{"type":"related-products","settings":{"heading":"Our Customers Also Bought","heading_size":"h2","products_to_show":4,"columns_desktop":3,"columns_mobile":"2","color_scheme":"background-1","image_ratio":"square","image_shape":"default","show_secondary_image":true,"show_vendor":true,"show_rating":true,"padding_top":36,"padding_bottom":28}},"judgeme_section_review_widget_47d1":{"type":"apps","blocks":{"judgeme_review_widget_a202befb":{"type":"shopify:\/\/apps\/judge-me-reviews\/blocks\/review_widget\/61ccd3b1-a9f2-4160-9fe9-4fec8413e5d8","settings":{}}},"block_order":["judgeme_review_widget_a202befb"],"settings":{"include_margins":true}},"1716199055fd2977cf":{"type":"apps","blocks":{"judge_me_reviews_review_widget_N9VQEW":{"type":"shopify:\/\/apps\/judge-me-reviews\/blocks\/review_widget\/61ccd3b1-a9f2-4160-9fe9-4fec8413e5d8","disabled":true,"settings":{}}},"block_order":["judge_me_reviews_review_widget_N9VQEW"],"settings":{"include_margins":true}}},"order":["main","related-products","judgeme_section_review_widget_47d1","1716199055fd2977cf"]}