{"name":"t:sections.footer.name","type":"footer","sections":{"footer":{"type":"footer","blocks":{"link_list_jhwhpP":{"type":"link_list","settings":{"heading":"<strong>SHOP<\/strong>","menu":"homepage-navigation-bar"}},"8c521fa0-4bb6-46b4-b274-3aea61d1ec16":{"type":"link_list","settings":{"heading":"<strong>SUPPORT<\/strong>","menu":"support"}},"link_list_yNTyXq":{"type":"link_list","settings":{"heading":"<strong>PARTNERSHIPS<\/strong>","menu":"footer"}},"363ce865-25c4-40e7-a28b-f63d0c29ad2b":{"type":"link_list","settings":{"heading":"<strong>LEARN<\/strong>","menu":"learn-more"}}},"block_order":["link_list_jhwhpP","8c521fa0-4bb6-46b4-b274-3aea61d1ec16","link_list_yNTyXq","363ce865-25c4-40e7-a28b-f63d0c29ad2b"],"settings":{"color_scheme":"accent-1","newsletter_enable":true,"newsletter_heading":"Be the first to know. Subscribe to our emails.","enable_follow_on_shop":false,"show_social":true,"enable_country_selector":false,"enable_language_selector":false,"payment_enable":true,"show_policy":true,"margin_top":0,"padding_top":24,"padding_bottom":24}}},"order":["footer"]}