{"name":"t:sections.header.name","type":"header","sections":{"announcement-bar":{"type":"announcement-bar","blocks":{"b0f860c9-ccd7-4729-a598-a8d9acc0def2":{"type":"announcement","settings":{"text":"Welcome to Harley's | Pet Products Made For #MoreYearsTogether","link":"shopify:\/\/collections\/all"}},"announcement_JQVj3k":{"type":"announcement","settings":{"text":"FREE DELIVERY For Orders ₱3000 and up! No Codes Needed.","link":""}}},"block_order":["b0f860c9-ccd7-4729-a598-a8d9acc0def2","announcement_JQVj3k"],"settings":{"auto_rotate":true,"change_slides_speed":3,"color_scheme":"accent-1","show_line_separator":true,"show_social":false,"enable_country_selector":false,"enable_language_selector":false}},"header":{"type":"header","settings":{"logo_position":"middle-left","mobile_logo_position":"center","menu":"main-menu","menu_type_desktop":"mega","sticky_header_type":"always","show_line_separator":false,"color_scheme":"background-1","menu_color_scheme":"","enable_country_selector":false,"enable_language_selector":false,"enable_customer_avatar":true,"margin_bottom":0,"padding_top":20,"padding_bottom":20}}},"order":["announcement-bar","header"]}